-- phpMyAdmin SQL Dump
-- version 5.2.1
-- https://www.phpmyadmin.net/
--
-- Host: localhost:3307
-- Generation Time: Oct 02, 2025 at 09:12 PM
-- Server version: 10.4.32-MariaDB
-- PHP Version: 8.2.12

SET SQL_MODE = "NO_AUTO_VALUE_ON_ZERO";
START TRANSACTION;
SET time_zone = "+00:00";


/*!40101 SET @OLD_CHARACTER_SET_CLIENT=@@CHARACTER_SET_CLIENT */;
/*!40101 SET @OLD_CHARACTER_SET_RESULTS=@@CHARACTER_SET_RESULTS */;
/*!40101 SET @OLD_COLLATION_CONNECTION=@@COLLATION_CONNECTION */;
/*!40101 SET NAMES utf8mb4 */;

--
-- Database: `qatar`
--

-- --------------------------------------------------------

--
-- Table structure for table `cities`
--

CREATE TABLE `cities` (
  `id` int(255) NOT NULL,
  `city_name` varchar(255) NOT NULL,
  `created_at` timestamp NOT NULL DEFAULT current_timestamp(),
  `updated_at` timestamp NOT NULL DEFAULT current_timestamp()
) ENGINE=InnoDB DEFAULT CHARSET=utf8mb4 COLLATE=utf8mb4_general_ci;

--
-- Dumping data for table `cities`
--

INSERT INTO `cities` (`id`, `city_name`, `created_at`, `updated_at`) VALUES
(1, 'Al Aziziya', '2025-10-02 08:53:01', '2025-10-02 08:53:01'),
(2, 'Al Dafna', '2025-10-02 08:53:16', '2025-10-02 08:53:16'),
(3, 'Al Jeryan', '2025-10-02 08:53:31', '2025-10-02 08:53:31'),
(4, 'Al Masrouhiya', '2025-10-02 08:53:48', '2025-10-02 08:53:48'),
(5, 'Al Shagub', '2025-10-02 08:54:01', '2025-10-02 08:54:01'),
(6, 'Bani Hajer', '2025-10-02 08:54:15', '2025-10-02 08:54:15'),
(7, 'Fereej Al Nasr', '2025-10-02 08:54:28', '2025-10-02 08:54:28'),
(8, 'Gharrafat Al Rayyan', '2025-10-02 08:54:41', '2025-10-02 08:54:41'),
(9, 'Madinat Khalifa North', '2025-10-02 08:54:53', '2025-10-02 08:54:53'),
(10, 'Muaither', '2025-10-02 08:55:06', '2025-10-02 08:55:06');

-- --------------------------------------------------------

--
-- Table structure for table `currencies`
--

CREATE TABLE `currencies` (
  `id` int(11) NOT NULL,
  `Symbol` varchar(255) NOT NULL
) ENGINE=InnoDB DEFAULT CHARSET=utf8mb4 COLLATE=utf8mb4_general_ci;

--
-- Dumping data for table `currencies`
--

INSERT INTO `currencies` (`id`, `Symbol`) VALUES
(1, 'QAR'),
(2, 'USD'),
(3, 'INR');

-- --------------------------------------------------------

--
-- Table structure for table `diamond_prices`
--

CREATE TABLE `diamond_prices` (
  `id` int(11) NOT NULL,
  `currency_id` int(255) NOT NULL,
  `weight_id` int(255) NOT NULL,
  `type` varchar(255) NOT NULL,
  `Price_Range` varchar(255) NOT NULL,
  `created_at` timestamp NOT NULL DEFAULT current_timestamp()
) ENGINE=InnoDB DEFAULT CHARSET=utf8mb4 COLLATE=utf8mb4_general_ci;

--
-- Dumping data for table `diamond_prices`
--

INSERT INTO `diamond_prices` (`id`, `currency_id`, `weight_id`, `type`, `Price_Range`, `created_at`) VALUES
(1, 1, 6, 'Fancy Colour Diamond', ' 3,300.00 - 19,800.00', '2025-09-26 20:13:33'),
(2, 1, 7, 'Fancy Colour Diamond', '9,900.00 - 59,400.00', '2025-09-26 20:13:56'),
(3, 1, 6, 'Lab Grown Diamond', ' 1,350.00 - 8,100.00', '2025-09-26 20:14:34'),
(4, 1, 7, 'Lab Grown Diamond', '4,050.00 - 24,300.00', '2025-09-26 20:14:56'),
(5, 1, 6, 'Natural Diamond', ' 4,500.00 - 27,000.00', '2025-09-26 20:15:44'),
(6, 1, 7, 'Natural Diamond', '13,500.00 - 81,000.00', '2025-09-26 20:16:05'),
(7, 1, 6, 'Treated Diamond', '3,800.00 - 22,800.00', '2025-09-26 20:16:40'),
(8, 1, 7, 'Treated Diamond', '11,400.00 - 68,400.00', '2025-09-26 20:17:01'),
(9, 3, 6, 'Fancy Colour Diamond', ' 80,059.43 - 480,356.60', '2025-09-26 20:17:35'),
(10, 3, 7, 'Fancy Colour Diamond', '240,178.30 - 1,441,069.79', '2025-09-26 20:18:02'),
(11, 3, 6, 'Lab Grown Diamond', '32,751.59 - 196,509.52', '2025-09-26 22:09:22'),
(12, 3, 7, 'Lab Grown Diamond', '98,254.76 - 589,528.55', '2025-09-26 22:09:47'),
(13, 3, 6, 'Natural Diamond', '109,171.95 - 655,031.72', '2025-09-26 22:10:08'),
(14, 3, 7, 'Natural Diamond', '327,515.86 - 1,965,095.17', '2025-09-26 22:10:28'),
(15, 3, 6, 'Treated Diamond', '92,189.65 - 553,137.90', '2025-09-26 22:10:52'),
(16, 3, 7, 'Treated Diamond', '276,568.95 - 1,659,413.70', '2025-09-26 22:11:14'),
(17, 2, 6, 'Fancy Colour Diamond', '906.59 - 5,439.56', '2025-09-26 22:11:46'),
(18, 2, 7, 'Fancy Colour Diamond', ' 2,719.78 - 16,318.68', '2025-09-26 22:12:12'),
(19, 2, 6, 'Lab Grown Diamond', ' 370.88 - 2,225.27', '2025-09-26 22:12:34'),
(20, 2, 7, 'Lab Grown Diamond', '1,112.64 - 6,675.82', '2025-09-26 22:13:06'),
(21, 2, 6, 'Natural Diamond', ' 1,236.26 - 7,417.58', '2025-09-26 22:14:47'),
(22, 2, 7, 'Natural Diamond', ' 3,708.79 - 22,252.75', '2025-09-26 22:15:15'),
(23, 2, 6, 'Treated Diamond', '1,043.96 - 6,263.74', '2025-09-26 22:15:38'),
(24, 2, 7, 'Treated Diamond', ' 3,131.87 - 18,791.21', '2025-09-26 22:15:59');

-- --------------------------------------------------------

--
-- Table structure for table `emerald_prices`
--

CREATE TABLE `emerald_prices` (
  `id` int(11) NOT NULL,
  `currency_id` int(255) NOT NULL,
  `weight_id` int(255) NOT NULL,
  `type` varchar(255) NOT NULL,
  `Price_Range` varchar(255) NOT NULL,
  `created_at` timestamp NOT NULL DEFAULT current_timestamp()
) ENGINE=InnoDB DEFAULT CHARSET=utf8mb4 COLLATE=utf8mb4_general_ci;

--
-- Dumping data for table `emerald_prices`
--

INSERT INTO `emerald_prices` (`id`, `currency_id`, `weight_id`, `type`, `Price_Range`, `created_at`) VALUES
(1, 1, 6, 'Bluish Green Emerald', '600.00 - 7,200.00', '2025-09-27 02:08:42'),
(2, 1, 8, 'Bluish Green Emerald', '1,800.00 - 21,600.00', '2025-09-27 02:09:18'),
(3, 1, 6, 'Green Emerald', ' 750.00 - 9,000.00', '2025-09-27 02:09:46'),
(4, 1, 8, 'Green Emerald', ' 2,250.00 - 27,000.00', '2025-09-27 02:10:07'),
(5, 1, 6, 'Lab Grown Emerald', '30.00 - 720.00', '2025-09-27 02:15:21'),
(6, 1, 8, 'Lab Grown Emerald', '90.00 - 2,160.00', '2025-09-27 02:15:47'),
(7, 1, 6, 'Yellowish Green Emerald', ' 400.00 - 4,800.00', '2025-09-27 02:16:18'),
(8, 1, 8, 'Yellowish Green Emerald', '1,200.00 - 14,400.00', '2025-09-27 02:16:45'),
(9, 3, 6, 'Bluish Green Emerald', ' 14,635.09 - 175,621.12', '2025-09-27 02:17:30'),
(10, 3, 8, 'Bluish Green Emerald', '43,905.28 - 526,863.37', '2025-09-27 02:17:55'),
(11, 3, 6, 'Green Emerald', '18,293.87 - 219,526.40', '2025-09-27 02:18:26'),
(12, 3, 8, 'Green Emerald', '54,881.60 - 658,579.21', '2025-09-27 02:18:49'),
(13, 3, 6, 'Lab Grown Emerald', ' 731.75 - 17,562.11', '2025-09-27 02:19:13'),
(14, 3, 8, 'Lab Grown Emerald', '2,195.26 - 52,686.34', '2025-09-27 02:19:38'),
(15, 3, 6, 'Yellowish Green Emerald', '9,756.73 - 117,080.75', '2025-09-27 02:20:02'),
(16, 3, 8, 'Yellowish Green Emerald', '29,270.19 - 351,242.25', '2025-09-27 02:22:56'),
(17, 2, 6, 'Bluish Green Emerald', '164.84 - 1,978.02', '2025-09-27 02:23:22'),
(18, 2, 8, 'Bluish Green Emerald', '494.51 - 5,934.07', '2025-09-27 02:23:45'),
(19, 2, 6, 'Green Emerald', ' 206.04 - 2,472.53', '2025-09-27 02:24:07'),
(20, 2, 8, 'Green Emerald', '618.13 - 7,417.58', '2025-09-27 02:24:27'),
(21, 2, 6, 'Lab Grown Emerald', '8.24 - 197.80', '2025-09-27 02:24:53'),
(22, 2, 8, 'Lab Grown Emerald', '4.73 - 593.41', '2025-09-27 02:25:28'),
(23, 2, 6, 'Yellowish Green Emerald', '109.89 - 1,318.68', '2025-09-27 02:26:00'),
(24, 2, 8, 'Yellowish Green Emerald', '329.67 - 3,956.04', '2025-09-27 02:26:20');

-- --------------------------------------------------------

--
-- Table structure for table `gold_prices`
--

CREATE TABLE `gold_prices` (
  `id` int(25) NOT NULL,
  `currency_id` int(255) DEFAULT NULL,
  `purity_id` int(20) NOT NULL,
  `weight_id` int(20) NOT NULL,
  `Prices` decimal(10,2) NOT NULL,
  `created_at` timestamp NOT NULL DEFAULT current_timestamp()
) ENGINE=InnoDB DEFAULT CHARSET=utf8mb4 COLLATE=utf8mb4_general_ci;

--
-- Dumping data for table `gold_prices`
--

INSERT INTO `gold_prices` (`id`, `currency_id`, `purity_id`, `weight_id`, `Prices`, `created_at`) VALUES
(1, 1, 1, 1, 441.28, '2025-09-24 07:21:18'),
(2, 2, 1, 1, 124.04, '2025-09-24 07:21:47'),
(3, 3, 1, 1, 10927.30, '2025-09-24 07:22:05'),
(4, 1, 2, 1, 421.50, '2025-09-24 07:23:46'),
(5, 2, 2, 1, 110.72, '2025-09-24 07:26:19'),
(6, 3, 2, 1, 9836.95, '2025-09-24 07:26:57'),
(7, 1, 3, 1, 385.09, '2025-09-24 07:27:33'),
(8, 2, 3, 1, 105.76, '2025-09-24 07:28:02'),
(9, 3, 3, 1, 9392.09, '2025-09-24 07:28:42'),
(10, 1, 4, 1, 330.69, '2025-09-24 08:06:37'),
(11, 2, 4, 1, 90.83, '2025-09-24 08:07:17'),
(12, 3, 4, 1, 8067.73, '2025-09-24 08:08:08'),
(18, 3, 5, 1, 4484.58, '2025-09-24 08:37:21'),
(19, 1, 5, 1, 183.59, '2025-09-24 08:37:58'),
(20, 2, 5, 1, 50.49, '2025-09-24 08:38:35'),
(21, 1, 1, 2, 5143.58, '2025-09-24 16:12:02'),
(22, 2, 1, 2, 1412.63, '2025-09-24 16:12:46'),
(23, 3, 1, 2, 125313.89, '2025-09-24 16:22:22'),
(24, 1, 1, 3, 4410.38, '2025-09-24 16:44:01'),
(25, 2, 1, 3, 1211.60, '2025-09-24 16:44:38'),
(26, 3, 1, 3, 4478.33, '2025-09-24 16:45:38'),
(27, 3, 1, 4, 334236.67, '2025-09-24 16:46:31'),
(28, 2, 1, 4, 3767.92, '2025-09-24 16:47:20'),
(29, 1, 1, 4, 13716.27, '2025-09-24 16:47:50'),
(30, 1, 2, 2, 4732.39, '2025-09-24 17:55:02'),
(31, 2, 2, 2, 1299.94, '2025-09-24 17:55:35'),
(32, 3, 2, 2, 115387.47, '2025-09-24 17:56:08'),
(33, 1, 2, 3, 4051.80, '2025-09-24 17:57:20'),
(34, 2, 2, 3, 1112.80, '2025-09-24 17:57:59'),
(35, 3, 2, 3, 98755.90, '2025-09-24 17:58:51'),
(36, 1, 2, 4, 12616.35, '2025-09-24 17:59:46'),
(37, 2, 2, 4, 3465.77, '2025-09-24 18:00:23'),
(38, 3, 2, 4, 307557.05, '2025-09-24 18:01:05'),
(39, 1, 1, 1, 451.50, '2025-09-23 07:21:20'),
(42, 1, 2, 1, 420.00, '2025-09-24 03:32:25'),
(43, 1, 3, 1, 400.91, '2025-09-24 03:34:06'),
(44, 1, 4, 1, 343.64, '2025-09-24 03:35:35'),
(45, 1, 5, 1, 201.60, '2025-09-24 03:41:47'),
(46, 1, 1, 2, 5266.21, '2025-09-24 04:43:50'),
(47, 1, 1, 4, 14043.22, '2025-09-24 04:53:25'),
(48, 1, 2, 2, 4898.80, '2025-09-23 07:02:47'),
(49, 1, 2, 4, 13063.46, '2025-09-23 07:05:01'),
(50, 1, 1, 1, 435.78, '2025-09-25 07:08:08'),
(51, 2, 1, 1, 119.74, '2025-09-25 07:41:04'),
(52, 3, 1, 1, 10637.51, '2025-09-25 07:42:52'),
(53, 1, 2, 1, 399.82, '2025-09-25 07:44:29'),
(54, 2, 2, 1, 109.88, '2025-09-25 07:46:41'),
(55, 3, 2, 1, 9755.21, '2025-09-25 07:47:40'),
(56, 1, 3, 1, 382.21, '2025-09-25 07:49:32'),
(57, 2, 3, 1, 104.95, '2025-09-25 07:50:32'),
(58, 3, 3, 1, 9316.53, '2025-09-25 07:51:12'),
(59, 1, 4, 1, 327.62, '2025-09-25 07:52:15'),
(60, 2, 4, 1, 89.98, '2025-09-25 07:53:25'),
(61, 3, 4, 1, 7988.53, '2025-09-25 07:54:10'),
(62, 1, 5, 1, 182.04, '2025-09-25 07:54:49'),
(63, 2, 5, 1, 49.99, '2025-09-25 07:55:45'),
(64, 3, 5, 1, 4435.80, '2025-09-25 07:56:16'),
(65, 1, 1, 2, 5095.33, '2025-09-25 07:59:05'),
(66, 2, 1, 2, 1399.43, '2025-09-25 07:59:37'),
(67, 3, 1, 2, 124237.06, '2025-09-25 08:00:34'),
(68, 1, 1, 3, 4369.04, '2025-09-25 08:15:57'),
(69, 2, 1, 3, 1200.16, '2025-09-25 08:16:48'),
(70, 3, 1, 3, 106532.31, '2025-09-25 08:17:48'),
(71, 1, 1, 4, 13586.12, '2025-09-25 08:18:38'),
(72, 2, 1, 4, 3731.50, '2025-09-25 08:19:27'),
(73, 3, 1, 4, 331220.50, '2025-09-25 08:20:03'),
(74, 2, 1, 4, 3731.97, '2025-09-25 08:26:39'),
(81, 1, 1, 1, 439.58, '2025-09-26 07:15:40'),
(82, 2, 1, 1, 120.74, '2025-09-26 07:16:30'),
(83, 3, 1, 1, 10720.43, '2025-09-26 07:17:15'),
(84, 1, 2, 1, 402.88, '2025-09-26 07:18:31'),
(85, 2, 2, 1, 110.68, '2025-09-26 07:19:18'),
(86, 3, 2, 1, 9823.67, '2025-09-26 07:19:47'),
(87, 1, 3, 1, 384.55, '2025-09-26 07:21:00'),
(88, 2, 3, 1, 105.62, '2025-09-26 07:21:32'),
(89, 3, 3, 1, 9377.62, '2025-09-26 07:22:08'),
(90, 1, 4, 1, 329.67, '2025-09-26 07:22:50'),
(91, 2, 4, 1, 90.47, '2025-09-26 07:25:03'),
(92, 3, 4, 1, 8032.78, '2025-09-26 07:25:35'),
(93, 1, 5, 1, 182.98, '2025-09-26 07:26:56'),
(94, 2, 5, 1, 50.26, '2025-09-26 07:27:29'),
(95, 3, 5, 1, 4463.66, '2025-09-26 07:29:19'),
(96, 1, 1, 2, 5120.75, '2025-09-26 07:35:02'),
(97, 2, 1, 2, 1406.55, '2025-09-26 07:35:54'),
(98, 3, 1, 2, 124905.63, '2025-09-26 07:36:58'),
(99, 1, 1, 3, 4390.71, '2025-09-26 07:38:29'),
(100, 2, 1, 3, 1204.92, '2025-09-26 07:39:07'),
(101, 3, 1, 3, 107007.42, '2025-09-26 07:39:39'),
(102, 1, 1, 4, 13641.90, '2025-09-26 07:40:34'),
(103, 2, 1, 4, 3748.42, '2025-09-26 07:41:10'),
(104, 3, 1, 4, 332723.36, '2025-09-26 07:41:38'),
(105, 1, 2, 2, 4696.81, '2025-09-26 07:57:09'),
(106, 2, 2, 2, 1289.98, '2025-09-26 07:57:40'),
(107, 3, 2, 2, 114539.72, '2025-09-26 07:58:11'),
(108, 1, 2, 3, 4021.40, '2025-09-26 07:59:03'),
(109, 2, 2, 3, 1104.50, '2025-09-26 07:59:42'),
(110, 3, 2, 3, 98062.90, '2025-09-26 08:00:20'),
(111, 1, 2, 4, 12523.20, '2025-09-26 08:01:32'),
(112, 2, 2, 4, 3440.25, '2025-09-26 08:02:43'),
(113, 3, 2, 4, 305503.85, '2025-09-26 08:03:16'),
(114, 1, 2, 2, 4887.13, '2025-09-25 08:07:29'),
(115, 1, 2, 4, 13032.36, '2025-09-25 08:10:04'),
(119, 1, 1, 1, 441.38, '2025-09-27 07:46:02'),
(120, 2, 1, 1, 121.24, '2025-09-27 07:46:53'),
(121, 3, 1, 1, 10746.20, '2025-09-27 07:47:46'),
(122, 1, 2, 1, 404.36, '2025-09-27 07:48:29'),
(123, 2, 2, 1, 111.06, '2025-09-27 07:49:03'),
(124, 3, 2, 1, 9850.81, '2025-09-27 07:49:46'),
(125, 1, 3, 1, 386.03, '2025-09-27 07:50:16'),
(126, 2, 3, 1, 106.01, '2025-09-27 07:50:49'),
(127, 3, 3, 1, 9398.44, '2025-09-27 07:51:27'),
(128, 1, 4, 1, 330.85, '2025-09-27 07:52:03'),
(129, 2, 4, 1, 90.81, '2025-09-27 07:52:30'),
(130, 3, 4, 1, 8052.26, '2025-09-27 07:53:19'),
(131, 1, 5, 1, 183.68, '2025-09-27 07:53:54'),
(132, 2, 5, 1, 50.44, '2025-09-27 07:54:22'),
(133, 3, 5, 1, 4475.34, '2025-09-27 07:55:03'),
(134, 1, 1, 2, 5140.91, '2025-09-27 07:58:59'),
(135, 2, 1, 2, 1412.14, '2025-09-27 07:59:43'),
(136, 3, 1, 2, 125317.48, '2025-09-27 08:08:43'),
(137, 1, 1, 3, 4409.51, '2025-09-27 08:10:29'),
(138, 2, 1, 3, 1211.62, '2025-09-27 08:12:37'),
(139, 3, 1, 3, 107369.75, '2025-09-27 08:14:58'),
(140, 1, 1, 4, 13710.31, '2025-09-27 08:16:52'),
(141, 2, 1, 4, 3765.25, '2025-09-27 08:18:35'),
(142, 3, 1, 4, 333839.24, '2025-09-27 08:20:34'),
(143, 1, 2, 2, 4717.76, '2025-09-27 18:04:56'),
(144, 2, 2, 2, 1294.42, '2025-09-27 18:05:29'),
(145, 3, 2, 2, 114785.07, '2025-09-27 18:05:59'),
(147, 1, 2, 3, 4038.90, '2025-09-27 18:08:23'),
(148, 2, 2, 3, 1108.20, '2025-09-27 18:08:46'),
(149, 3, 2, 3, 98268.40, '2025-09-27 18:09:22'),
(150, 1, 2, 4, 12579.30, '2025-09-27 18:10:00'),
(151, 2, 2, 4, 3451.40, '2025-09-27 18:10:52'),
(152, 3, 2, 4, 306059.39, '2025-09-27 18:11:22'),
(153, 1, 3, 2, 4676.12, '2025-09-23 19:26:02'),
(154, 1, 3, 2, 4692.83, '2025-09-24 19:27:51'),
(155, 1, 3, 2, 4664.99, '2025-09-25 19:29:05'),
(156, 1, 3, 2, 4664.99, '2025-09-26 19:30:35'),
(157, 1, 3, 4, 12469.67, '2025-09-23 19:32:33'),
(158, 1, 3, 4, 12514.20, '2025-09-24 19:33:36'),
(159, 1, 3, 4, 12439.98, '2025-09-25 19:34:52'),
(160, 1, 3, 4, 12439.98, '2025-09-26 19:35:58'),
(161, 1, 4, 2, 4008.11, '2025-09-23 20:02:19'),
(162, 1, 4, 2, 4022.42, '2025-09-24 20:02:19'),
(163, 1, 4, 2, 3998.56, '2025-09-25 20:05:26'),
(164, 1, 4, 2, 3998.56, '2025-09-26 20:06:55'),
(165, 1, 3, 2, 4676.12, '2025-09-28 05:39:49'),
(166, 1, 3, 4, 12469.67, '2025-09-28 05:40:23'),
(167, 1, 4, 2, 4008.11, '2025-09-28 05:42:01'),
(168, 1, 4, 4, 10688.29, '2025-09-24 05:42:47'),
(169, 1, 4, 4, 10726.46, '2025-09-25 05:44:09'),
(170, 1, 4, 4, 10662.84, '2025-09-26 05:45:17'),
(171, 1, 4, 4, 10662.84, '2025-09-27 05:46:27'),
(172, 1, 4, 4, 10688.29, '2025-09-28 05:47:37'),
(173, 1, 5, 2, 2226.73, '2025-09-24 05:49:03'),
(174, 1, 5, 2, 2234.68, '2025-09-25 05:50:26'),
(175, 1, 5, 2, 2221.42, '2025-09-26 05:51:19'),
(176, 1, 5, 2, 2221.42, '2025-09-27 05:52:06'),
(177, 1, 5, 2, 2226.73, '2025-09-28 05:53:04'),
(178, 1, 5, 4, 5937.94, '2025-09-24 05:54:01'),
(179, 1, 5, 4, 5959.14, '2025-09-25 05:55:05'),
(180, 1, 5, 4, 5923.80, '2025-09-26 05:55:54'),
(181, 1, 5, 4, 5923.80, '2025-09-27 05:56:47'),
(182, 1, 5, 4, 5937.94, '2025-09-28 05:57:32'),
(183, 1, 1, 1, 440.60, '2025-09-28 07:21:10'),
(184, 2, 1, 1, 120.89, '2025-09-28 07:21:50'),
(185, 3, 1, 1, 10720.24, '2025-09-28 07:22:21'),
(186, 1, 2, 1, 403.89, '2025-09-28 07:22:53'),
(187, 2, 2, 1, 110.81, '2025-09-28 07:23:20'),
(188, 3, 2, 1, 9826.89, '2025-09-28 07:23:40'),
(189, 1, 3, 1, 385.53, '2025-09-28 07:24:09'),
(190, 2, 3, 1, 105.77, '2025-09-28 07:24:44'),
(191, 3, 3, 1, 9380.21, '2025-09-28 07:25:11'),
(192, 1, 4, 1, 330.45, '2025-09-28 07:25:48'),
(193, 2, 4, 1, 90.66, '2025-09-28 07:26:20'),
(194, 3, 4, 1, 8040.18, '2025-09-28 07:30:12'),
(195, 1, 5, 1, 183.60, '2025-09-28 07:30:42'),
(196, 2, 5, 1, 50.37, '2025-09-28 07:31:11'),
(197, 3, 5, 1, 4466.77, '2025-09-28 07:31:50'),
(198, 1, 1, 2, 5139.18, '2025-09-28 07:33:51'),
(199, 2, 1, 2, 1410.18, '2025-09-28 07:34:16'),
(200, 3, 1, 2, 125038.20, '2025-09-28 07:34:42'),
(201, 1, 1, 3, 4406.09, '2025-09-28 07:35:19'),
(202, 2, 1, 3, 1209.02, '2025-09-28 07:35:46'),
(203, 3, 1, 3, 107201.94, '2025-09-28 07:36:15'),
(204, 1, 1, 4, 13702.94, '2025-09-28 07:36:44'),
(205, 2, 1, 4, 3760.06, '2025-09-28 07:37:14'),
(206, 3, 1, 4, 333430.84, '2025-09-28 07:37:38'),
(207, 1, 2, 2, 4717.76, '2025-09-28 07:39:01'),
(208, 2, 2, 2, 1294.42, '2025-09-28 07:39:29'),
(209, 3, 2, 2, 114796.36, '2025-09-28 07:39:52'),
(210, 1, 2, 3, 4038.90, '2025-09-28 07:40:27'),
(211, 2, 2, 3, 1108.20, '2025-09-28 07:41:07'),
(212, 3, 2, 3, 98268.40, '2025-09-28 07:41:37'),
(213, 1, 2, 4, 12586.23, '2025-09-28 07:42:10'),
(214, 2, 2, 4, 3453.30, '2025-09-28 07:42:37'),
(215, 3, 2, 4, 306227.90, '2025-09-28 07:43:07'),
(216, 1, 3, 3, 3855.30, '2025-09-28 07:53:18'),
(217, 2, 3, 3, 1059.00, '2025-09-28 07:54:13'),
(218, 3, 3, 3, 93886.22, '2025-09-28 07:55:06'),
(219, 1, 4, 2, 3854.76, '2025-09-28 07:57:16'),
(220, 2, 4, 2, 1057.53, '2025-09-28 07:57:52'),
(221, 3, 4, 2, 93778.65, '2025-09-28 07:58:12'),
(222, 1, 4, 3, 3304.90, '2025-09-28 07:59:02'),
(223, 1, 4, 3, 3304.90, '2025-09-28 08:00:16'),
(224, 3, 4, 3, 80401.50, '2025-09-28 08:01:48'),
(225, 2, 4, 3, 906.77, '2025-09-28 08:02:45'),
(226, 1, 4, 4, 10277.21, '2025-09-28 08:03:32'),
(227, 2, 4, 4, 2819.77, '2025-09-28 08:04:04'),
(228, 3, 4, 4, 250048.52, '2025-09-28 08:04:34'),
(229, 1, 5, 2, 2143.04, '2025-09-28 08:05:50'),
(230, 2, 5, 2, 587.99, '2025-09-28 08:06:16'),
(231, 3, 5, 2, 52140.93, '2025-09-28 08:06:42'),
(232, 1, 5, 3, 1835.90, '2025-09-28 08:08:02'),
(233, 2, 5, 3, 503.71, '2025-09-28 08:09:10'),
(234, 3, 5, 3, 44667.50, '2025-09-28 08:09:52'),
(235, 1, 5, 4, 5714.13, '2025-09-28 08:11:08'),
(236, 2, 5, 4, 1568.65, '2025-09-28 08:11:51'),
(237, 3, 5, 4, 139103.52, '2025-09-28 08:12:26'),
(238, 1, 1, 1, 440.61, '2025-09-29 07:47:24'),
(239, 2, 1, 1, 120.89, '2025-09-29 07:47:51'),
(240, 3, 1, 1, 10720.19, '2025-09-29 07:48:15'),
(241, 1, 2, 1, 403.93, '2025-09-29 07:49:00'),
(242, 2, 2, 1, 110.82, '2025-09-29 07:49:23'),
(243, 3, 2, 1, 9826.84, '2025-09-29 07:49:42'),
(244, 1, 3, 1, 385.53, '2025-09-29 07:50:18'),
(245, 2, 3, 1, 105.78, '2025-09-29 07:50:38'),
(246, 3, 3, 1, 9380.17, '2025-09-29 07:50:56'),
(247, 1, 4, 1, 330.46, '2025-09-29 07:51:22'),
(248, 2, 4, 1, 90.67, '2025-09-29 07:51:46'),
(249, 3, 4, 1, 8040.15, '2025-09-29 07:52:06'),
(250, 1, 5, 1, 183.73, '2025-09-29 07:52:35'),
(251, 2, 5, 1, 50.41, '2025-09-29 07:52:57'),
(252, 3, 5, 1, 4470.32, '2025-09-29 07:53:19'),
(253, 1, 2, 1, 431.50, '2025-10-01 05:08:16'),
(254, 1, 1, 1, 464.00, '2025-10-01 05:10:18'),
(255, 1, 3, 1, 411.89, '2025-10-01 05:10:47'),
(256, 1, 4, 1, 353.05, '2025-10-01 05:11:10'),
(257, 1, 5, 1, 196.14, '2025-10-01 05:13:48'),
(258, 1, 1, 1, 463.00, '2025-10-02 05:16:14'),
(259, 1, 2, 1, 430.50, '2025-10-02 05:16:33'),
(260, 1, 3, 1, 410.93, '2025-10-02 05:16:52'),
(261, 1, 4, 1, 352.23, '2025-10-02 05:17:15'),
(262, 1, 5, 1, 195.68, '2025-10-02 05:18:12'),
(263, 2, 1, 1, 127.20, '2025-10-02 05:19:57'),
(264, 2, 2, 1, 118.27, '2025-10-02 05:20:19'),
(265, 2, 3, 1, 112.89, '2025-10-02 05:20:39'),
(266, 2, 4, 1, 96.77, '2025-10-02 05:20:58'),
(267, 2, 5, 1, 53.76, '2025-10-02 05:22:09'),
(268, 3, 1, 1, 11281.62, '2025-10-02 05:22:44'),
(269, 3, 2, 1, 10489.71, '2025-10-02 05:23:07'),
(270, 3, 3, 1, 10012.91, '2025-10-02 05:23:25'),
(271, 3, 4, 1, 8582.49, '2025-10-02 05:24:09'),
(272, 3, 5, 1, 4768.05, '2025-10-02 05:24:31'),
(273, 1, 1, 2, 5347.85, '2025-09-30 05:26:15'),
(274, 1, 1, 2, 5412.00, '2025-10-01 05:27:56'),
(275, 1, 1, 2, 5400.34, '2025-10-02 05:30:18'),
(276, 1, 1, 4, 14260.94, '2025-09-30 05:34:39'),
(277, 1, 1, 4, 14432.01, '2025-10-01 05:35:47'),
(278, 1, 1, 4, 14400.91, '2025-10-02 05:37:02'),
(279, 2, 1, 2, 1483.61, '2025-10-02 05:38:04'),
(280, 3, 1, 2, 131586.56, '2025-10-02 05:38:34');

-- --------------------------------------------------------

--
-- Table structure for table `pearl_prices`
--

CREATE TABLE `pearl_prices` (
  `id` int(11) NOT NULL,
  `currency_id` int(255) NOT NULL,
  `type` varchar(255) NOT NULL,
  `Length` varchar(255) NOT NULL,
  `Price_Range` varchar(255) NOT NULL,
  `created_at` timestamp NOT NULL DEFAULT current_timestamp()
) ENGINE=InnoDB DEFAULT CHARSET=utf8mb4 COLLATE=utf8mb4_general_ci;

--
-- Dumping data for table `pearl_prices`
--

INSERT INTO `pearl_prices` (`id`, `currency_id`, `type`, `Length`, `Price_Range`, `created_at`) VALUES
(1, 1, 'Akoya Pearl', '6-10 mm', ' 20.00 - 800.00', '2025-09-27 08:42:38'),
(2, 1, 'Akoya Pearl', '10+ mm', '30.00 - 1,500.00', '2025-09-27 08:42:59'),
(3, 1, 'Freshwater Pearl', '6-10 mm', '15.00 - 600.00', '2025-09-27 08:43:20'),
(4, 1, 'Freshwater Pearl', '10+ mm', '25.00 - 1,250.00', '2025-09-27 08:43:51'),
(5, 1, 'South Sea Pearl', '6-10 mm', '30.00 - 2,400.00', '2025-09-27 08:44:15'),
(6, 1, 'South Sea Pearl', '10+ mm', '45.00 - 3,600.00', '2025-09-27 08:44:37'),
(7, 1, 'Tahitian Pearl', '6-10 mm', '40.00 - 2,400.00', '2025-09-27 08:45:01'),
(8, 1, 'Tahitian Pearl', '10+ mm', ' 60.00 - 4,200.00', '2025-09-27 08:45:25'),
(9, 3, 'Akoya Pearl', '6-10 mm', '487.84 - 19,513.46', '2025-09-27 08:45:52'),
(10, 3, 'Akoya Pearl', '10+ mm', '731.75 - 36,587.73', '2025-09-27 08:46:14'),
(11, 3, 'Freshwater Pearl', '6-10 mm', '365.88 - 14,635.09', '2025-09-27 08:46:37'),
(12, 3, 'Freshwater Pearl', '10+ mm', '609.80 - 30,489.78', '2025-09-27 08:47:05'),
(13, 3, 'South Sea Pearl', '6-10 mm', '731.75 - 58,540.37', '2025-09-27 08:47:39'),
(14, 3, 'South Sea Pearl', '10+ mm', '1,097.63 - 87,810.56', '2025-09-27 08:47:58'),
(15, 3, 'Tahitian Pearl', '6-10 mm', '975.67 - 58,540.37', '2025-09-27 08:48:28'),
(16, 3, 'Tahitian Pearl', '10+ mm', '1,463.51 - 102,445.66', '2025-09-27 08:48:52'),
(17, 2, 'Akoya Pearl', '6-10 mm', ' 5.49 - 219.78', '2025-09-27 08:49:17'),
(18, 2, 'Akoya Pearl', '10+ mm', '8.24 - 412.09', '2025-09-27 08:49:40'),
(19, 2, 'Freshwater Pearl', '6-10 mm', ' 4.12 - 164.84', '2025-09-27 08:50:00'),
(20, 2, 'Freshwater Pearl', '10+ mm', ' 6.87 - 343.41', '2025-09-27 08:50:27'),
(21, 2, 'South Sea Pearl', '6-10 mm', ' 8.24 - 659.34', '2025-09-27 08:50:55'),
(22, 2, 'South Sea Pearl', '10+ mm', '12.36 - 989.01', '2025-09-27 08:51:18'),
(23, 2, 'Tahitian Pearl', '6-10 mm', '10.99 - 659.34', '2025-09-27 08:51:46'),
(24, 2, 'Tahitian Pearl', '10+ mm', '16.48 - 1,153.85', '2025-09-27 08:52:13');

-- --------------------------------------------------------

--
-- Table structure for table `platinum_prices`
--

CREATE TABLE `platinum_prices` (
  `id` int(11) NOT NULL,
  `weight_id` int(255) NOT NULL,
  `currency_id` int(255) NOT NULL,
  `Prices` decimal(10,2) NOT NULL,
  `created_at` timestamp NOT NULL DEFAULT current_timestamp()
) ENGINE=InnoDB DEFAULT CHARSET=utf8mb4 COLLATE=utf8mb4_general_ci;

--
-- Dumping data for table `platinum_prices`
--

INSERT INTO `platinum_prices` (`id`, `weight_id`, `currency_id`, `Prices`, `created_at`) VALUES
(1, 1, 1, 226.74, '2025-09-26 23:21:00'),
(2, 1, 2, 62.29, '2025-09-26 23:21:23'),
(3, 1, 3, 5530.65, '2025-09-26 23:21:41'),
(4, 2, 1, 2644.67, '2025-09-26 23:22:06'),
(5, 2, 2, 726.56, '2025-09-26 23:22:29'),
(6, 2, 3, 64508.44, '2025-09-26 23:22:54'),
(7, 3, 1, 2267.42, '2025-09-26 23:23:22'),
(8, 3, 2, 622.92, '2025-09-26 23:23:41'),
(9, 3, 3, 55306.52, '2025-09-26 23:23:58'),
(10, 4, 1, 7052.47, '2025-09-26 23:28:54'),
(11, 4, 2, 1937.49, '2025-09-26 23:32:11'),
(12, 4, 3, 172022.49, '2025-09-26 23:32:30');

-- --------------------------------------------------------

--
-- Table structure for table `purities`
--

CREATE TABLE `purities` (
  `id` int(25) NOT NULL,
  `name` varchar(255) NOT NULL
) ENGINE=InnoDB DEFAULT CHARSET=utf8mb4 COLLATE=utf8mb4_general_ci;

--
-- Dumping data for table `purities`
--

INSERT INTO `purities` (`id`, `name`) VALUES
(1, '24K Gold'),
(2, '22K Gold'),
(3, '21K Gold'),
(4, '18K Gold'),
(5, '10K Gold');

-- --------------------------------------------------------

--
-- Table structure for table `ruby_prices`
--

CREATE TABLE `ruby_prices` (
  `id` int(11) NOT NULL,
  `currency_id` int(255) NOT NULL,
  `weight_id` int(255) NOT NULL,
  `type` varchar(255) NOT NULL,
  `Price_Range` varchar(255) NOT NULL,
  `created_at` timestamp NOT NULL DEFAULT current_timestamp()
) ENGINE=InnoDB DEFAULT CHARSET=utf8mb4 COLLATE=utf8mb4_general_ci;

--
-- Dumping data for table `ruby_prices`
--

INSERT INTO `ruby_prices` (`id`, `currency_id`, `weight_id`, `type`, `Price_Range`, `created_at`) VALUES
(1, 1, 6, 'Lab Grown Ruby', '20.00 - 480.00', '2025-09-27 04:15:47'),
(2, 1, 7, 'Lab Grown Ruby', '30.00 - 720.00', '2025-09-27 04:16:48'),
(3, 1, 8, 'Lab Grown Ruby', '60.00 - 1,440.00', '2025-09-27 04:17:16'),
(4, 1, 9, 'Lab Grown Ruby', '100.00 - 2,400.00', '2025-09-27 04:17:39'),
(5, 1, 6, 'Natural Ruby', '250.00 - 3,000.00', '2025-09-27 04:18:09'),
(6, 1, 7, 'Natural Ruby', '400.00 - 4,800.00', '2025-09-27 04:18:37'),
(7, 1, 8, 'Natural Ruby', '750.00 - 9,000.00', '2025-09-27 04:18:59'),
(8, 1, 9, 'Natural Ruby', '1,250.00 - 15,000.00', '2025-09-27 04:19:20'),
(9, 2, 6, 'Lab Grown Ruby', '5.49 - 131.87', '2025-09-27 04:19:49'),
(10, 2, 7, 'Lab Grown Ruby', '8.24 - 197.80', '2025-09-27 04:20:30'),
(11, 2, 8, 'Lab Grown Ruby', '16.48 - 395.60', '2025-09-27 04:20:54'),
(12, 2, 9, 'Lab Grown Ruby', '27.47 - 659.34', '2025-09-27 04:21:14'),
(13, 2, 6, 'Natural Ruby', '68.68 - 824.18', '2025-09-27 04:21:42'),
(14, 2, 7, 'Natural Ruby', '109.89 - 1,318.68', '2025-09-27 04:22:03'),
(15, 2, 8, 'Natural Ruby', '206.04 - 2,472.53', '2025-09-27 04:22:26'),
(16, 2, 9, 'Natural Ruby', ' 343.41 - 4,120.88', '2025-09-27 04:22:47'),
(17, 3, 6, 'Lab Grown Ruby', '487.84 - 11,708.07', '2025-09-27 04:23:29'),
(18, 3, 7, 'Lab Grown Ruby', '731.75 - 17,562.11', '2025-09-27 04:23:48'),
(19, 3, 8, 'Lab Grown Ruby', '1,463.51 - 35,124.22', '2025-09-27 04:24:09'),
(20, 3, 9, 'Lab Grown Ruby', ' 2,439.18 - 58,540.37', '2025-09-27 04:24:30'),
(21, 3, 6, 'Natural Ruby', '6,097.96 - 73,175.47', '2025-09-27 04:24:49'),
(22, 3, 7, 'Natural Ruby', '9,756.73 - 117,080.75', '2025-09-27 04:25:16'),
(23, 3, 8, 'Natural Ruby', '18,293.87 - 219,526.40', '2025-09-27 04:25:38'),
(24, 3, 9, 'Natural Ruby', '30,489.78 - 365,877.34', '2025-09-27 04:25:57');

-- --------------------------------------------------------

--
-- Table structure for table `sapphire_prices`
--

CREATE TABLE `sapphire_prices` (
  `id` int(11) NOT NULL,
  `currency_id` int(255) NOT NULL,
  `weight_id` int(255) NOT NULL,
  `type` varchar(255) NOT NULL,
  `Price_Range` varchar(255) NOT NULL,
  `created_at` timestamp NOT NULL DEFAULT current_timestamp()
) ENGINE=InnoDB DEFAULT CHARSET=utf8mb4 COLLATE=utf8mb4_general_ci;

--
-- Dumping data for table `sapphire_prices`
--

INSERT INTO `sapphire_prices` (`id`, `currency_id`, `weight_id`, `type`, `Price_Range`, `created_at`) VALUES
(2, 1, 6, 'Black Sapphire', '250.00 - 6,000.00', '2025-09-27 05:04:15'),
(3, 1, 6, 'Blue Sapphire', ' 500.00 - 12,000.00', '2025-09-27 05:05:37'),
(4, 1, 6, 'Green Sapphire', '350.00 - 8,400.00', '2025-09-27 05:05:58'),
(5, 1, 6, 'Orange Sapphire', '300.00 - 7,200.00', '2025-09-27 05:06:20'),
(6, 1, 6, 'Padparadscha Sapphire', ' 2,500.00 - 30,000.00', '2025-09-27 05:06:40'),
(7, 1, 6, 'Pink Sapphire', '400.00 - 9,600.00', '2025-09-27 05:07:05'),
(8, 1, 6, 'White Sapphire', '200.00 - 4,800.00', '2025-09-27 05:07:28'),
(9, 1, 6, 'Yellow Sapphire', '150.00 - 3,600.00', '2025-09-27 05:07:57'),
(10, 2, 6, 'Black Sapphire', '68.68 - 1,648.35', '2025-09-27 05:08:44'),
(11, 2, 6, 'Blue Sapphire', ' 137.36 - 3,296.70', '2025-09-27 05:09:04'),
(12, 2, 6, 'Green Sapphire', '96.15 - 2,307.69', '2025-09-27 05:09:34'),
(13, 2, 6, 'Orange Sapphire', ' 82.42 - 1,978.02', '2025-09-27 05:09:54'),
(14, 2, 6, 'Padparadscha Sapphire', '686.81 - 8,241.76', '2025-09-27 05:10:15'),
(15, 2, 6, 'Pink Sapphire', '109.89 - 2,637.36', '2025-09-27 05:10:39'),
(16, 2, 6, 'White Sapphire', '54.95 - 1,318.68', '2025-09-27 05:11:00'),
(17, 2, 6, 'Yellow Sapphire', '41.21 - 989.01', '2025-09-27 05:11:26'),
(18, 3, 6, 'Black Sapphire', '6,097.96 - 146,350.94', '2025-09-27 05:12:08'),
(19, 3, 6, 'Blue Sapphire', '12,195.91 - 292,701.87', '2025-09-27 05:12:34'),
(20, 3, 6, 'Green Sapphire', ' 8,537.14 - 204,891.31', '2025-09-27 05:12:55'),
(21, 3, 6, 'Orange Sapphire', ' 7,317.55 - 175,621.12', '2025-09-27 05:13:20'),
(22, 3, 6, 'Padparadscha Sapphire', '60,979.56 - 731,754.68', '2025-09-27 05:13:43'),
(23, 3, 6, 'Pink Sapphire', '9,756.73 - 234,161.50', '2025-09-27 05:14:22'),
(24, 3, 6, 'White Sapphire', '4,878.36 - 117,080.75', '2025-09-27 05:14:43'),
(25, 3, 6, 'Yellow Sapphire', '3,658.77 - 87,810.56', '2025-09-27 05:15:08');

-- --------------------------------------------------------

--
-- Table structure for table `silver_prices`
--

CREATE TABLE `silver_prices` (
  `id` int(11) NOT NULL,
  `currency_id` int(255) NOT NULL,
  `weight_id` int(255) NOT NULL,
  `Prices` decimal(10,2) NOT NULL,
  `created_at` timestamp NOT NULL DEFAULT current_timestamp()
) ENGINE=InnoDB DEFAULT CHARSET=utf8mb4 COLLATE=utf8mb4_general_ci;

--
-- Dumping data for table `silver_prices`
--

INSERT INTO `silver_prices` (`id`, `currency_id`, `weight_id`, `Prices`, `created_at`) VALUES
(1, 2, 1, 1.44, '2025-09-25 21:10:48'),
(2, 1, 1, 5.24, '2025-09-25 21:17:13'),
(3, 3, 1, 127.69, '2025-09-25 21:18:40'),
(4, 2, 2, 16.81, '2025-09-25 21:19:17'),
(5, 1, 2, 61.21, '2025-09-25 21:20:04'),
(6, 3, 2, 1490.63, '2025-09-25 21:20:30'),
(7, 2, 5, 1442.48, '2025-09-25 21:21:50'),
(8, 1, 5, 5252.07, '2025-09-25 21:22:29'),
(9, 3, 5, 127911.86, '2025-09-25 21:23:13'),
(10, 1, 4, 188.21, '2025-09-25 21:32:07'),
(11, 2, 4, 51.71, '2025-09-25 21:33:02'),
(12, 3, 4, 4555.32, '2025-09-25 21:33:19'),
(13, 1, 1, 6.05, '2025-09-24 21:34:32'),
(14, 1, 2, 70.58, '2025-09-24 21:35:40'),
(15, 1, 5, 6051.01, '2025-09-24 21:36:27'),
(16, 1, 1, 6.23, '2025-09-23 21:37:23'),
(17, 1, 2, 72.63, '2025-09-23 21:38:38'),
(18, 1, 5, 6226.70, '2025-09-23 21:39:58'),
(20, 2, 1, 1.45, '2025-09-26 19:08:24'),
(21, 1, 1, 5.32, '2025-09-26 19:09:11'),
(22, 3, 1, 128.62, '2025-09-26 19:09:42'),
(23, 2, 2, 16.94, '2025-09-26 19:10:22'),
(24, 3, 2, 1502.61, '2025-09-26 19:11:01'),
(25, 1, 2, 62.14, '2025-09-26 19:11:31'),
(26, 2, 5, 1452.83, '2025-09-26 19:12:45'),
(27, 1, 5, 5329.38, '2025-09-26 19:13:30'),
(28, 3, 5, 128868.35, '2025-09-26 19:14:10'),
(29, 1, 4, 164.25, '2025-09-26 19:16:56'),
(30, 2, 4, 45.08, '2025-09-26 19:17:46'),
(31, 3, 4, 4000.59, '2025-09-26 19:19:13');

-- --------------------------------------------------------

--
-- Table structure for table `users`
--

CREATE TABLE `users` (
  `id` int(255) NOT NULL,
  `name` varchar(255) NOT NULL,
  `country` varchar(255) NOT NULL,
  `email` varchar(255) NOT NULL,
  `phone_no` varchar(255) NOT NULL,
  `created_at` timestamp NOT NULL DEFAULT current_timestamp(),
  `updated_at` timestamp NOT NULL DEFAULT current_timestamp()
) ENGINE=InnoDB DEFAULT CHARSET=utf8mb4 COLLATE=utf8mb4_general_ci;

--
-- Dumping data for table `users`
--

INSERT INTO `users` (`id`, `name`, `country`, `email`, `phone_no`, `created_at`, `updated_at`) VALUES
(1, 'Ali', 'Qatar', 'farhanmustafa@email.com', '346778', '2025-10-01 07:22:48', '2025-10-01 07:40:19'),
(3, 'Farhan', 'Pakistan', 'farhan@email.com', '36785433', '2025-10-02 06:24:00', '2025-10-02 06:24:00'),
(4, 'Farhan', 'Pakistan', 'farhanmustafa526@gmail.com', '43657543', '2025-10-02 06:26:23', '2025-10-02 06:26:23');

-- --------------------------------------------------------

--
-- Table structure for table `weight`
--

CREATE TABLE `weight` (
  `id` int(25) NOT NULL,
  `unit` varchar(255) NOT NULL
) ENGINE=InnoDB DEFAULT CHARSET=utf8mb4 COLLATE=utf8mb4_general_ci;

--
-- Dumping data for table `weight`
--

INSERT INTO `weight` (`id`, `unit`) VALUES
(1, '1 Gram'),
(2, '1 Tola'),
(3, '10 Grams'),
(4, '1 Ounce'),
(5, '1 Kg'),
(6, '1 carat'),
(7, '2 carat'),
(8, '5 carat'),
(9, '10 carat');

--
-- Indexes for dumped tables
--

--
-- Indexes for table `cities`
--
ALTER TABLE `cities`
  ADD PRIMARY KEY (`id`);

--
-- Indexes for table `currencies`
--
ALTER TABLE `currencies`
  ADD PRIMARY KEY (`id`);

--
-- Indexes for table `diamond_prices`
--
ALTER TABLE `diamond_prices`
  ADD PRIMARY KEY (`id`);

--
-- Indexes for table `emerald_prices`
--
ALTER TABLE `emerald_prices`
  ADD PRIMARY KEY (`id`);

--
-- Indexes for table `gold_prices`
--
ALTER TABLE `gold_prices`
  ADD PRIMARY KEY (`id`);

--
-- Indexes for table `pearl_prices`
--
ALTER TABLE `pearl_prices`
  ADD PRIMARY KEY (`id`);

--
-- Indexes for table `platinum_prices`
--
ALTER TABLE `platinum_prices`
  ADD PRIMARY KEY (`id`);

--
-- Indexes for table `purities`
--
ALTER TABLE `purities`
  ADD PRIMARY KEY (`id`);

--
-- Indexes for table `ruby_prices`
--
ALTER TABLE `ruby_prices`
  ADD PRIMARY KEY (`id`);

--
-- Indexes for table `sapphire_prices`
--
ALTER TABLE `sapphire_prices`
  ADD PRIMARY KEY (`id`);

--
-- Indexes for table `silver_prices`
--
ALTER TABLE `silver_prices`
  ADD PRIMARY KEY (`id`);

--
-- Indexes for table `users`
--
ALTER TABLE `users`
  ADD PRIMARY KEY (`id`);

--
-- Indexes for table `weight`
--
ALTER TABLE `weight`
  ADD PRIMARY KEY (`id`);

--
-- AUTO_INCREMENT for dumped tables
--

--
-- AUTO_INCREMENT for table `cities`
--
ALTER TABLE `cities`
  MODIFY `id` int(255) NOT NULL AUTO_INCREMENT, AUTO_INCREMENT=11;

--
-- AUTO_INCREMENT for table `currencies`
--
ALTER TABLE `currencies`
  MODIFY `id` int(11) NOT NULL AUTO_INCREMENT, AUTO_INCREMENT=5;

--
-- AUTO_INCREMENT for table `diamond_prices`
--
ALTER TABLE `diamond_prices`
  MODIFY `id` int(11) NOT NULL AUTO_INCREMENT, AUTO_INCREMENT=25;

--
-- AUTO_INCREMENT for table `emerald_prices`
--
ALTER TABLE `emerald_prices`
  MODIFY `id` int(11) NOT NULL AUTO_INCREMENT, AUTO_INCREMENT=25;

--
-- AUTO_INCREMENT for table `gold_prices`
--
ALTER TABLE `gold_prices`
  MODIFY `id` int(25) NOT NULL AUTO_INCREMENT, AUTO_INCREMENT=281;

--
-- AUTO_INCREMENT for table `pearl_prices`
--
ALTER TABLE `pearl_prices`
  MODIFY `id` int(11) NOT NULL AUTO_INCREMENT, AUTO_INCREMENT=25;

--
-- AUTO_INCREMENT for table `platinum_prices`
--
ALTER TABLE `platinum_prices`
  MODIFY `id` int(11) NOT NULL AUTO_INCREMENT, AUTO_INCREMENT=13;

--
-- AUTO_INCREMENT for table `purities`
--
ALTER TABLE `purities`
  MODIFY `id` int(25) NOT NULL AUTO_INCREMENT, AUTO_INCREMENT=6;

--
-- AUTO_INCREMENT for table `ruby_prices`
--
ALTER TABLE `ruby_prices`
  MODIFY `id` int(11) NOT NULL AUTO_INCREMENT, AUTO_INCREMENT=25;

--
-- AUTO_INCREMENT for table `sapphire_prices`
--
ALTER TABLE `sapphire_prices`
  MODIFY `id` int(11) NOT NULL AUTO_INCREMENT, AUTO_INCREMENT=26;

--
-- AUTO_INCREMENT for table `silver_prices`
--
ALTER TABLE `silver_prices`
  MODIFY `id` int(11) NOT NULL AUTO_INCREMENT, AUTO_INCREMENT=33;

--
-- AUTO_INCREMENT for table `users`
--
ALTER TABLE `users`
  MODIFY `id` int(255) NOT NULL AUTO_INCREMENT, AUTO_INCREMENT=5;

--
-- AUTO_INCREMENT for table `weight`
--
ALTER TABLE `weight`
  MODIFY `id` int(25) NOT NULL AUTO_INCREMENT, AUTO_INCREMENT=10;
COMMIT;

/*!40101 SET CHARACTER_SET_CLIENT=@OLD_CHARACTER_SET_CLIENT */;
/*!40101 SET CHARACTER_SET_RESULTS=@OLD_CHARACTER_SET_RESULTS */;
/*!40101 SET COLLATION_CONNECTION=@OLD_COLLATION_CONNECTION */;
